1,5578655.9919,3359454.1854,165.3583,OPR_POVITRYA,HSIG:0.039,VSIG:0.047,STATUS:����.,SATS:8,AGE:2.0,PDOP:1.557,HDOP:0.884,VDOP:1.281,TDOP:1.389,GDOP:2.086,NSIG:0.035,ESIG:0.017,NOMER:0,OPORA_ZAD:0,TYPE_OPORY:ʳ�����,TYPE_STIYKI:��105-5,MATERIAL:������������ ������,TYPE_IZOLYATOR:��-16,KILKIST_IZL:,TYPE_TRAVERZ:��-15,KILKIST_TRVZ:1,PROVOD:Ѳ�-4�50,KILKIST_PVD:4,BALANS:�������,SPIDVIS04:ͳ,SPIDVIS10:ͳ,OSVITL:ͳ,INTERNET:0,RADIO:ͳ,PROKLAD:��������,PRIMITKA:
2,5578663.2779,3359457.9042,165.5911,OPR_POVITRYA,HSIG:0.015,VSIG:0.022,STATUS:����.,SATS:11,AGE:2.0,PDOP:2.253,HDOP:1.296,VDOP:1.843,TDOP:2.203,GDOP:3.151,NSIG:0.012,ESIG:0.009,NOMER:1,OPORA_ZAD:0,TYPE_OPORY:�������,TYPE_STIYKI:��105-5,MATERIAL:������������ ���������,TYPE_IZOLYATOR:��-16,KILKIST_IZL:,TYPE_TRAVERZ:��-15,KILKIST_TRVZ:1,PROVOD:Ѳ�-4�50,KILKIST_PVD:4,BALANS:�������,SPIDVIS04:������� ���� � �� 0.4��,SPIDVIS10:������� ���� � �� 10��,OSVITL:���,INTERNET:2,RADIO:ͳ,PROKLAD:��������,PRIMITKA:
3,5578669.3452,3359469.9479,165.7503,OPR_POVITRYA,HSIG:0.036,VSIG:0.048,STATUS:����.,SATS:8,AGE:2.0,PDOP:3.555,HDOP:2.198,VDOP:2.793,TDOP:3.742,GDOP:5.161,NSIG:0.023,ESIG:0.028,NOMER:2,OPORA_ZAD:1,TYPE_OPORY:�������,TYPE_STIYKI:��105-5,MATERIAL:������������ ���������,TYPE_IZOLYATOR:��-16,KILKIST_IZL:,TYPE_TRAVERZ:��-15,KILKIST_TRVZ:1,PROVOD:Ѳ�-4�50,KILKIST_PVD:4,BALANS:�������,SPIDVIS04:������� ���� � �� 0.4��,SPIDVIS10:������� ���� � �� 10��,OSVITL:���,INTERNET:5,RADIO:ͳ,PROKLAD:��������,PRIMITKA:
4,5578701.4052,3359459.4551,165.5565,OPR_POVITRYA,HSIG:0.023,VSIG:0.038,STATUS:����.,SATS:10,AGE:2.0,PDOP:2.911,HDOP:1.547,VDOP:2.466,TDOP:3.928,GDOP:4.889,NSIG:0.017,ESIG:0.015,NOMER:3,OPORA_ZAD:2,TYPE_OPORY:�������,TYPE_STIYKI:��105-5,MATERIAL:������������ ���������,TYPE_IZOLYATOR:��-16,KILKIST_IZL:,TYPE_TRAVERZ:��-15,KILKIST_TRVZ:1,PROVOD:A-25,KILKIST_PVD:4,BALANS:�������,SPIDVIS04:������� ���� � �� 0.4��,SPIDVIS10:ͳ,OSVITL:���,INTERNET:5,RADIO:ͳ,PROKLAD:��������,PRIMITKA:
5,5578701.8182,3359459.1194,165.5518,SPZH,HSIG:0.018,VSIG:0.028,STATUS:����.,SATS:8,AGE:2.0,PDOP:3.518,HDOP:1.885,VDOP:2.971,TDOP:3.996,GDOP:5.324,NSIG:0.014,ESIG:0.012,ADRES:UKNOU,PROVOD:Ѳ�-4�16,KILKIST_PVD:4,PROKLAD:��������,NAPRYAMOK:������,DLINA:9,BALANS:�������,PRIMITKA:
6,5578736.3752,3359448.9819,165.3931,OPR_POVITRYA,HSIG:0.018,VSIG:0.027,STATUS:����.,SATS:9,AGE:2.0,PDOP:2.782,HDOP:1.473,VDOP:2.360,TDOP:3.090,GDOP:4.158,NSIG:0.015,ESIG:0.010,NOMER:4,OPORA_ZAD:3,TYPE_OPORY:�������,TYPE_STIYKI:��95-5,MATERIAL:������������ ���������,TYPE_IZOLYATOR:��-16,KILKIST_IZL:,TYPE_TRAVERZ:��-15,KILKIST_TRVZ:1,PROVOD:A-25,KILKIST_PVD:4,BALANS:�������,SPIDVIS04:������� ���� � �� 0.4��,SPIDVIS10:ͳ,OSVITL:���,INTERNET:5,RADIO:ͳ,PROKLAD:��������,PRIMITKA:
7,5578736.3436,3359448.8456,165.4083,SPZH,HSIG:0.021,VSIG:0.035,STATUS:����.,SATS:10,AGE:3.0,PDOP:3.107,HDOP:1.667,VDOP:2.623,TDOP:3.281,GDOP:4.519,NSIG:0.016,ESIG:0.014,ADRES:UKNOU,PROVOD:Ѳ�-4�16,KILKIST_PVD:4,PROKLAD:��������,NAPRYAMOK:������,DLINA:9,BALANS:�������,PRIMITKA:
8,5578768.9223,3359438.2954,165.4204,OPR_POVITRYA,HSIG:0.018,VSIG:0.028,STATUS:����.,SATS:10,AGE:2.0,PDOP:2.309,HDOP:1.289,VDOP:1.915,TDOP:2.251,GDOP:3.225,NSIG:0.014,ESIG:0.011,NOMER:5,OPORA_ZAD:4,TYPE_OPORY:�������,TYPE_STIYKI:��95-5,MATERIAL:������������ ���������,TYPE_IZOLYATOR:��-16,KILKIST_IZL:,TYPE_TRAVERZ:��-15,KILKIST_TRVZ:1,PROVOD:A-25,KILKIST_PVD:4,BALANS:�������,SPIDVIS04:������� ���� � �� 0.4��,SPIDVIS10:ͳ,OSVITL:���,INTERNET:5,RADIO:ͳ,PROKLAD:��������,PRIMITKA:
9,5578768.9223,3359438.2954,165.4204,SPZH,HSIG:0.018,VSIG:0.028,STATUS:����.,SATS:10,AGE:2.0,PDOP:2.309,HDOP:1.289,VDOP:1.915,TDOP:2.251,GDOP:3.225,NSIG:0.014,ESIG:0.011,ADRES:UKNOU,PROVOD:����-4�16,KILKIST_PVD:4,PROKLAD:��������,NAPRYAMOK:������,DLINA:9,BALANS:�������,PRIMITKA:
10,5578768.9223,3359438.2954,165.4204,SPZH,HSIG:0.018,VSIG:0.028,STATUS:����.,SATS:10,AGE:2.0,PDOP:2.309,HDOP:1.289,VDOP:1.915,TDOP:2.251,GDOP:3.225,NSIG:0.014,ESIG:0.011,ADRES:UKNOU,PROVOD:����-4�16,KILKIST_PVD:4,PROKLAD:��������,NAPRYAMOK:������,DLINA:9,BALANS:�������,PRIMITKA:
11,5578801.7943,3359427.7294,165.4096,OPR_POVITRYA,HSIG:0.020,VSIG:0.029,STATUS:����.,SATS:8,AGE:2.0,PDOP:2.810,HDOP:1.473,VDOP:2.393,TDOP:3.133,GDOP:4.208,NSIG:0.017,ESIG:0.011,NOMER:6,OPORA_ZAD:5,TYPE_OPORY:�������,TYPE_STIYKI:��95-5,MATERIAL:������������ ���������,TYPE_IZOLYATOR:��-16,KILKIST_IZL:,TYPE_TRAVERZ:��-15,KILKIST_TRVZ:1,PROVOD:A-25,KILKIST_PVD:4,BALANS:�������,SPIDVIS04:������� ���� � �� 0.4��,SPIDVIS10:ͳ,OSVITL:���,INTERNET:2,RADIO:ͳ,PROKLAD:��������,PRIMITKA:
12,5578828.8464,3359419.2997,165.1924,OPR_POVITRYA,HSIG:0.019,VSIG:0.033,STATUS:����.,SATS:8,AGE:2.0,PDOP:3.697,HDOP:1.885,VDOP:3.180,TDOP:4.249,GDOP:5.632,NSIG:0.016,ESIG:0.011,NOMER:7,OPORA_ZAD:6,TYPE_OPORY:�������,TYPE_STIYKI:��95-5,MATERIAL:������������ ���������,TYPE_IZOLYATOR:��-16,KILKIST_IZL:,TYPE_TRAVERZ:��-15,KILKIST_TRVZ:1,PROVOD:A-25,KILKIST_PVD:4,BALANS:�������,SPIDVIS04:������� ���� � �� 0.4��,SPIDVIS10:ͳ,OSVITL:���,INTERNET:2,RADIO:ͳ,PROKLAD:��������,PRIMITKA:
13,5578828.8243,3359419.3264,165.1727,SPZH,HSIG:0.014,VSIG:0.022,STATUS:����.,SATS:14,AGE:3.0,PDOP:1.483,HDOP:0.815,VDOP:1.239,TDOP:1.308,GDOP:1.978,NSIG:0.011,ESIG:0.009,ADRES:UKNOU,PROVOD:����-4�16,KILKIST_PVD:4,PROKLAD:��������,NAPRYAMOK:������,DLINA:9,BALANS:�������,PRIMITKA:
14,5578853.3975,3359411.6163,165.0054,OPR_POVITRYA,HSIG:0.016,VSIG:0.026,STATUS:����.,SATS:11,AGE:2.0,PDOP:2.359,HDOP:1.165,VDOP:2.051,TDOP:2.430,GDOP:3.386,NSIG:0.013,ESIG:0.010,NOMER:8,OPORA_ZAD:7,TYPE_OPORY:�������,TYPE_STIYKI:��95-5,MATERIAL:������������ ���������,TYPE_IZOLYATOR:��-16,KILKIST_IZL:,TYPE_TRAVERZ:��-15,KILKIST_TRVZ:1,PROVOD:A-25,KILKIST_PVD:4,BALANS:�������,SPIDVIS04:������� ���� � �� 0.4��,SPIDVIS10:ͳ,OSVITL:���,INTERNET:2,RADIO:ͳ,PROKLAD:��������,PRIMITKA:
15,5578877.8744,3359404.0197,164.9037,OPR_POVITRYA,HSIG:0.016,VSIG:0.026,STATUS:����.,SATS:10,AGE:2.0,PDOP:2.388,HDOP:1.193,VDOP:2.068,TDOP:2.451,GDOP:3.422,NSIG:0.013,ESIG:0.010,NOMER:9,OPORA_ZAD:8,TYPE_OPORY:�������,TYPE_STIYKI:��95-5,MATERIAL:������������ ���������,TYPE_IZOLYATOR:��-16,KILKIST_IZL:,TYPE_TRAVERZ:��-15,KILKIST_TRVZ:1,PROVOD:A-25,KILKIST_PVD:4,BALANS:�������,SPIDVIS04:������� ���� � �� 0.4��,SPIDVIS10:ͳ,OSVITL:���,INTERNET:2,RADIO:ͳ,PROKLAD:��������,PRIMITKA:
16,5578877.8744,3359404.0197,164.9037,SPZH,HSIG:0.016,VSIG:0.026,STATUS:����.,SATS:10,AGE:2.0,PDOP:2.388,HDOP:1.193,VDOP:2.068,TDOP:2.451,GDOP:3.422,NSIG:0.013,ESIG:0.010,ADRES:UKNOU,PROVOD:Ѳ�-4�16,KILKIST_PVD:4,PROKLAD:��������,NAPRYAMOK:������,DLINA:9,BALANS:�������,PRIMITKA:
17,5578877.8744,3359404.0197,164.9037,SPZH,HSIG:0.016,VSIG:0.026,STATUS:����.,SATS:10,AGE:2.0,PDOP:2.388,HDOP:1.193,VDOP:2.068,TDOP:2.451,GDOP:3.422,NSIG:0.013,ESIG:0.010
18,5578902.4068,3359396.1249,165.0450,OPR_POVITRYA,HSIG:0.626,VSIG:0.882,STATUS:DGPS,SATS:16,AGE:2.0,PDOP:1.463,HDOP:0.787,VDOP:1.233,TDOP:0.872,GDOP:1.703,NSIG:0.433,ESIG:0.452,NOMER:10,OPORA_ZAD:9,TYPE_OPORY:�������,TYPE_STIYKI:��95-5,MATERIAL:������������ ���������,TYPE_IZOLYATOR:��-16,KILKIST_IZL:,TYPE_TRAVERZ:��-15,KILKIST_TRVZ:1,PROVOD:A-25,KILKIST_PVD:4,BALANS:�������,SPIDVIS04:������� ���� � �� 0.4��,SPIDVIS10:ͳ,OSVITL:���,INTERNET:2,RADIO:ͳ,PROKLAD:��������,PRIMITKA:
19,5578902.4068,3359396.1249,165.0450,SPZH,HSIG:0.626,VSIG:0.882,STATUS:DGPS,SATS:16,AGE:2.0,PDOP:1.463,HDOP:0.787,VDOP:1.233,TDOP:0.872,GDOP:1.703,NSIG:0.433,ESIG:0.452,ADRES:UKNOU,PROVOD:Ѳ�-4�16,KILKIST_PVD:4,PROKLAD:��������,NAPRYAMOK:������,DLINA:9,BALANS:�������,PRIMITKA:
20,5578928.7721,3359387.3607,164.8413,OPR_POVITRYA,HSIG:0.550,VSIG:0.700,STATUS:DGPS,SATS:16,AGE:2.0,PDOP:1.282,HDOP:0.697,VDOP:1.077,TDOP:0.712,GDOP:1.467,NSIG:0.422,ESIG:0.353,NOMER:11,OPORA_ZAD:10,TYPE_OPORY:�������,TYPE_STIYKI:��95-5,MATERIAL:������������ ���������,TYPE_IZOLYATOR:��-16,KILKIST_IZL:,TYPE_TRAVERZ:��-15,KILKIST_TRVZ:1,PROVOD:Ѳ�-4�35,KILKIST_PVD:4,BALANS:�������,SPIDVIS04:������� ���� � �� 0.4��,SPIDVIS10:ͳ,OSVITL:���,INTERNET:2,RADIO:ͳ,PROKLAD:��������,PRIMITKA:
21,5578928.7721,3359387.3607,164.8413,OPR_POVITRYA,HSIG:0.550,VSIG:0.700,STATUS:DGPS,SATS:16,AGE:2.0,PDOP:1.282,HDOP:0.697,VDOP:1.077,TDOP:0.712,GDOP:1.467,NSIG:0.422,ESIG:0.353,NOMER:12,OPORA_ZAD:11,TYPE_OPORY:�������,TYPE_STIYKI:��95-5,MATERIAL:������������ ���������,TYPE_IZOLYATOR:��-16,KILKIST_IZL:,TYPE_TRAVERZ:��-15,KILKIST_TRVZ:1,PROVOD:Ѳ�-4�35,KILKIST_PVD:4,BALANS:�������,SPIDVIS04:������� ���� � �� 0.4��,SPIDVIS10:ͳ,OSVITL:���,INTERNET:6 � �����,RADIO:ͳ,PROKLAD:��������,PRIMITKA:
22,5578928.7721,3359387.3607,164.8413,SPZH,HSIG:0.550,VSIG:0.700,STATUS:DGPS,SATS:16,AGE:2.0,PDOP:1.282,HDOP:0.697,VDOP:1.077,TDOP:0.712,GDOP:1.467,NSIG:0.422,ESIG:0.353,ADRES:UKNOU,PROVOD:Ѳ�-4�16,KILKIST_PVD:4,PROKLAD:��������,NAPRYAMOK:������,DLINA:9,BALANS:�������,PRIMITKA:
23,5578928.7721,3359387.3607,164.8413,SPZH,HSIG:0.550,VSIG:0.700,STATUS:DGPS,SATS:16,AGE:2.0,PDOP:1.282,HDOP:0.697,VDOP:1.077,TDOP:0.712,GDOP:1.467,NSIG:0.422,ESIG:0.353,ADRES:UKNOU,PROVOD:Ѳ�-2�16,KILKIST_PVD:2,PROKLAD:��������,NAPRYAMOK:˳���,DLINA:9,BALANS:�������,PRIMITKA:
24,5578972.6341,3359417.4538,164.1313,OPR_POVITRYA,HSIG:0.530,VSIG:0.674,STATUS:DGPS,SATS:16,AGE:3.0,PDOP:1.289,HDOP:0.702,VDOP:1.081,TDOP:0.717,GDOP:1.475,NSIG:0.403,ESIG:0.344,NOMER:13,OPORA_ZAD:12,TYPE_OPORY:�������,TYPE_STIYKI:��95-5,MATERIAL:������������ ���������,TYPE_IZOLYATOR:��-16,KILKIST_IZL:,TYPE_TRAVERZ:��-15,KILKIST_TRVZ:1,PROVOD:Ѳ�-4�35,KILKIST_PVD:4,BALANS:�������,SPIDVIS04:������� ���� � �� 0.4��,SPIDVIS10:ͳ,OSVITL:���,INTERNET:6 � �����,RADIO:ͳ,PROKLAD:��������,PRIMITKA:
25,5578984.0650,3359413.1833,164.6391,OPR_POVITRYA,HSIG:1.190,VSIG:1.733,STATUS:DGPS,SATS:16,AGE:2.0,PDOP:1.395,HDOP:0.747,VDOP:1.178,TDOP:0.810,GDOP:1.613,NSIG:0.855,ESIG:0.828,NOMER:14,OPORA_ZAD:13,TYPE_OPORY:ʳ�����,TYPE_STIYKI:��95-5,MATERIAL:������������ ���������,TYPE_IZOLYATOR:��-16,KILKIST_IZL:,TYPE_TRAVERZ:��-15,KILKIST_TRVZ:1,PROVOD:Ѳ�-4�16,KILKIST_PVD:4,BALANS:�������,SPIDVIS04:������� ���� � �� 0.4��,SPIDVIS10:ͳ,OSVITL:ͳ,INTERNET:0,RADIO:ͳ,PROKLAD:��������,PRIMITKA:
26,5578984.0650,3359413.1833,164.6391,SPZH,HSIG:1.190,VSIG:1.733,STATUS:DGPS,SATS:16,AGE:2.0,PDOP:1.395,HDOP:0.747,VDOP:1.178,TDOP:0.810,GDOP:1.613,NSIG:0.855,ESIG:0.828,ADRES:UKNOU,PROVOD:Ѳ�-4�16,KILKIST_PVD:4,PROKLAD:��������,NAPRYAMOK:˳���,DLINA:9,BALANS:�������,PRIMITKA:
27,5578984.8595,3359450.3669,164.8497,OPR_POVITRYA,HSIG:1.082,VSIG:1.187,STATUS:DGPS,SATS:15,AGE:3.0,PDOP:4.540,HDOP:1.825,VDOP:4.157,TDOP:6.751,GDOP:8.135,NSIG:0.974,ESIG:0.469,NOMER:15,OPORA_ZAD:13,TYPE_OPORY:�������,TYPE_STIYKI:��95-5,MATERIAL:������������ ���������,TYPE_IZOLYATOR:��-16,KILKIST_IZL:,TYPE_TRAVERZ:��-15,KILKIST_TRVZ:2,PROVOD:Ѳ�-4�35,KILKIST_PVD:4,BALANS:�������,SPIDVIS04:������� ���� � �� 0.4��,SPIDVIS10:ͳ,OSVITL:���,INTERNET:4,RADIO:ͳ,PROKLAD:��������,PRIMITKA:
28,5578987.1470,3359454.9296,164.5244,SPZH,HSIG:0.653,VSIG:0.932,STATUS:DGPS,SATS:16,AGE:2.0,PDOP:1.316,HDOP:0.739,VDOP:1.089,TDOP:0.729,GDOP:1.505,NSIG:0.476,ESIG:0.446,ADRES:UKNOU,PROVOD:����-4�16,KILKIST_PVD:4,PROKLAD:��������,NAPRYAMOK:˳���,DLINA:9,BALANS:�������,PRIMITKA:
29,5578996.3729,3359450.6632,163.5737,OPR_POVITRYA,HSIG:0.022,VSIG:0.034,STATUS:����.,SATS:11,AGE:2.0,PDOP:1.955,HDOP:1.080,VDOP:1.629,TDOP:2.431,GDOP:3.119,NSIG:0.016,ESIG:0.014,NOMER:16,OPORA_ZAD:15,TYPE_OPORY:�������,TYPE_STIYKI:��105-5,MATERIAL:������������ ���������,TYPE_IZOLYATOR:��-16,KILKIST_IZL:4,TYPE_TRAVERZ:��-2,KILKIST_TRVZ:2,PROVOD:A-25,KILKIST_PVD:4,BALANS:�������,SPIDVIS04:������� ���� � �� 0.4��,SPIDVIS10:������� ���� � �� 10��,OSVITL:���,INTERNET:2,RADIO:ͳ,PROKLAD:��������,PRIMITKA:
30,5579000.4794,3359449.4592,163.7787,OPR_POVITRYA,HSIG:0.016,VSIG:0.027,STATUS:����.,SATS:14,AGE:2.0,PDOP:1.604,HDOP:0.851,VDOP:1.360,TDOP:1.488,GDOP:2.188,NSIG:0.013,ESIG:0.010,NOMER:17,OPORA_ZAD:16,TYPE_OPORY:ʳ�����,TYPE_STIYKI:��95-2,MATERIAL:������������ ���������,TYPE_IZOLYATOR:��-16,KILKIST_IZL:4,TYPE_TRAVERZ:��-9,KILKIST_TRVZ:2,PROVOD:A-25,KILKIST_PVD:4,BALANS:�������,SPIDVIS04:ͳ,SPIDVIS10:ͳ,OSVITL:���,INTERNET:1,RADIO:ͳ,PROKLAD:��������,PRIMITKA:
31,5579000.4794,3359449.4592,163.7787,SPZH,HSIG:0.016,VSIG:0.027,STATUS:����.,SATS:14,AGE:2.0,PDOP:1.604,HDOP:0.851,VDOP:1.360,TDOP:1.488,GDOP:2.188,NSIG:0.013,ESIG:0.010,ADRES:UKNOU,PROVOD:����-4�16,KILKIST_PVD:4,PROKLAD:��������,NAPRYAMOK:˳���,DLINA:9,BALANS:�������,PRIMITKA:
32,5579000.4794,3359449.4592,163.7787,SPZH,HSIG:0.016,VSIG:0.027,STATUS:����.,SATS:14,AGE:2.0,PDOP:1.604,HDOP:0.851,VDOP:1.360,TDOP:1.488,GDOP:2.188,NSIG:0.013,ESIG:0.010,ADRES:UKNOU,PROVOD:����-4�16,KILKIST_PVD:4,PROKLAD:��������,NAPRYAMOK:˳���,DLINA:9,BALANS:�������,PRIMITKA:
33,5578998.9076,3359493.4226,162.9796,OPR_POVITRYA,HSIG:0.042,VSIG:0.081,STATUS:����.,SATS:8,AGE:2.0,PDOP:5.263,HDOP:1.874,VDOP:4.918,TDOP:6.076,GDOP:8.038,NSIG:0.027,ESIG:0.032,NOMER:18,OPORA_ZAD:15,TYPE_OPORY:�������,TYPE_STIYKI:��95-2,MATERIAL:������������ ���������,TYPE_IZOLYATOR:��-16,KILKIST_IZL:10,TYPE_TRAVERZ:��-4,KILKIST_TRVZ:3,PROVOD:Ѳ�-4�35,KILKIST_PVD:4,BALANS:�������,SPIDVIS04:ͳ,SPIDVIS10:ͳ,OSVITL:���,INTERNET:6 � �����,RADIO:ͳ,PROKLAD:��������,PRIMITKA:
34,5578998.9076,3359493.4226,162.9796,SPZH,HSIG:0.042,VSIG:0.081,STATUS:����.,SATS:8,AGE:2.0,PDOP:5.263,HDOP:1.874,VDOP:4.918,TDOP:6.076,GDOP:8.038,NSIG:0.027,ESIG:0.032,ADRES:UKNOU,PROVOD:Ѳ�-4�16,KILKIST_PVD:4,PROKLAD:��������,NAPRYAMOK:������,DLINA:9,BALANS:�������,PRIMITKA:
35,5579008.8324,3359487.5588,164.0212,OPR_POVITRYA,HSIG:0.886,VSIG:1.113,STATUS:DGPS,SATS:16,AGE:2.0,PDOP:1.317,HDOP:0.749,VDOP:1.084,TDOP:0.729,GDOP:1.505,NSIG:0.548,ESIG:0.696,NOMER:19,OPORA_ZAD:18,TYPE_OPORY:�������,TYPE_STIYKI:��105-5,MATERIAL:������������ ���������,TYPE_IZOLYATOR:��-16,KILKIST_IZL:4,TYPE_TRAVERZ:��-4,KILKIST_TRVZ:2,PROVOD:A-25,KILKIST_PVD:4,BALANS:�������,SPIDVIS04:ͳ,SPIDVIS10:ͳ,OSVITL:���,INTERNET:2,RADIO:ͳ,PROKLAD:��������,PRIMITKA:
36,5579012.4577,3359486.9248,162.9103,OPR_POVITRYA,HSIG:0.501,VSIG:0.664,STATUS:DGPS,SATS:13,AGE:2.0,PDOP:1.603,HDOP:0.860,VDOP:1.353,TDOP:0.923,GDOP:1.849,NSIG:0.379,ESIG:0.328,NOMER:20,OPORA_ZAD:19,TYPE_OPORY:ʳ�����,TYPE_STIYKI:��95-2,MATERIAL:������������ ���������,TYPE_IZOLYATOR:��-16,KILKIST_IZL:0,TYPE_TRAVERZ:��-15,KILKIST_TRVZ:1,PROVOD:Ѳ�-4�16,KILKIST_PVD:4,BALANS:�������,SPIDVIS04:ͳ,SPIDVIS10:ͳ,OSVITL:ͳ,INTERNET:0,RADIO:ͳ,PROKLAD:��������,PRIMITKA:
37,5579012.4577,3359486.9248,162.9103,SPZH,HSIG:0.501,VSIG:0.664,STATUS:DGPS,SATS:13,AGE:2.0,PDOP:1.603,HDOP:0.860,VDOP:1.353,TDOP:0.923,GDOP:1.849,NSIG:0.379,ESIG:0.328,ADRES:UKNOU,PROVOD:Ѳ�-4�16,KILKIST_PVD:4,PROKLAD:��������,NAPRYAMOK:˳���,DLINA:9,BALANS:�������,PRIMITKA:
38,5579016.3406,3359507.3782,161.7325,OPR_POVITRYA,HSIG:0.480,VSIG:0.621,STATUS:DGPS,SATS:13,AGE:2.0,PDOP:1.733,HDOP:0.892,VDOP:1.486,TDOP:1.063,GDOP:2.033,NSIG:0.370,ESIG:0.306,NOMER:21,OPORA_ZAD:19,TYPE_OPORY:�������,TYPE_STIYKI:��105-2,MATERIAL:������������ ���������,TYPE_IZOLYATOR:��-16,KILKIST_IZL:0,TYPE_TRAVERZ:��-15,KILKIST_TRVZ:1,PROVOD:Ѳ�-4�16,KILKIST_PVD:4,BALANS:�������,SPIDVIS04:ͳ,SPIDVIS10:������� ���� � �� 10��,OSVITL:���,INTERNET:1,RADIO:ͳ,PROKLAD:��������,PRIMITKA:
39,5579016.3406,3359507.3782,161.7325,SPZH,HSIG:0.480,VSIG:0.621,STATUS:DGPS,SATS:13,AGE:2.0,PDOP:1.733,HDOP:0.892,VDOP:1.486,TDOP:1.063,GDOP:2.033,NSIG:0.370,ESIG:0.306,ADRES:UKNOU,PROVOD:Ѳ�-4�16,KILKIST_PVD:4,PROKLAD:��������,NAPRYAMOK:˳���,DLINA:9,BALANS:�������,PRIMITKA:
40,5579016.3406,3359507.3782,161.7325,SPZH,HSIG:0.480,VSIG:0.621,STATUS:DGPS,SATS:13,AGE:2.0,PDOP:1.733,HDOP:0.892,VDOP:1.486,TDOP:1.063,GDOP:2.033,NSIG:0.370,ESIG:0.306,ADRES:UKNOU,PROVOD:Ѳ�-4�16,KILKIST_PVD:4,PROKLAD:��������,NAPRYAMOK:˳���,DLINA:9,BALANS:�������,PRIMITKA:
41,5579004.0089,3359509.6068,163.0885,OPR_POVITRYA,HSIG:0.033,VSIG:0.063,STATUS:����.,SATS:10,AGE:2.0,PDOP:4.161,HDOP:1.484,VDOP:3.888,TDOP:4.646,GDOP:6.237,NSIG:0.026,ESIG:0.021,NOMER:22,OPORA_ZAD:18,TYPE_OPORY:�������,TYPE_STIYKI:��95-5,MATERIAL:������������ ���������,TYPE_IZOLYATOR:��-16,KILKIST_IZL:4,TYPE_TRAVERZ:��-9,KILKIST_TRVZ:2,PROVOD:A-25,KILKIST_PVD:4,BALANS:�������,SPIDVIS04:ͳ,SPIDVIS10:ͳ,OSVITL:���,INTERNET:5,RADIO:ͳ,PROKLAD:��������,PRIMITKA:
42,5579015.3885,3359546.2589,162.5312,OPR_POVITRYA,HSIG:0.033,VSIG:0.056,STATUS:����.,SATS:5,AGE:2.0,PDOP:4.372,HDOP:1.644,VDOP:4.051,TDOP:6.460,GDOP:7.800,NSIG:0.026,ESIG:0.020,NOMER:23,OPORA_ZAD:22,TYPE_OPORY:�������,TYPE_STIYKI:��95-5,MATERIAL:������������ ���������,TYPE_IZOLYATOR:��-16,KILKIST_IZL:4,TYPE_TRAVERZ:��-9,KILKIST_TRVZ:2,PROVOD:A-25,KILKIST_PVD:4,BALANS:�������,SPIDVIS04:ͳ,SPIDVIS10:ͳ,OSVITL:���,INTERNET:6 � �����,RADIO:ͳ,PROKLAD:��������,PRIMITKA:
43,5579027.0821,3359545.1222,162.7638,OPR_POVITRYA,HSIG:0.020,VSIG:0.036,STATUS:����.,SATS:12,AGE:2.0,PDOP:2.374,HDOP:1.143,VDOP:2.081,TDOP:2.393,GDOP:3.371,NSIG:0.015,ESIG:0.013,NOMER:24,OPORA_ZAD:23,TYPE_OPORY:ʳ�����,TYPE_STIYKI:��95-5,MATERIAL:������������ ���������,TYPE_IZOLYATOR:��-16,KILKIST_IZL:0,TYPE_TRAVERZ:��-15,KILKIST_TRVZ:1,PROVOD:Ѳ�-4�16,KILKIST_PVD:4,BALANS:�������,SPIDVIS04:ͳ,SPIDVIS10:ͳ,OSVITL:ͳ,INTERNET:1,RADIO:ͳ,PROKLAD:��������,PRIMITKA:
44,5579027.0821,3359545.1222,162.7638,SPZH,HSIG:0.020,VSIG:0.036,STATUS:����.,SATS:12,AGE:2.0,PDOP:2.374,HDOP:1.143,VDOP:2.081,TDOP:2.393,GDOP:3.371,NSIG:0.015,ESIG:0.013
45,5579018.2112,3359554.9181,162.3913,OPR_POVITRYA,HSIG:0.037,VSIG:0.062,STATUS:����.,SATS:7,AGE:2.0,PDOP:6.486,HDOP:3.214,VDOP:5.633,TDOP:7.596,GDOP:9.988,NSIG:0.026,ESIG:0.027,NOMER:25,OPORA_ZAD:23,TYPE_OPORY:�������,TYPE_STIYKI:��95-5,MATERIAL:������������ ���������,TYPE_IZOLYATOR:��-16,KILKIST_IZL:4,TYPE_TRAVERZ:��-9,KILKIST_TRVZ:2,PROVOD:A-25,KILKIST_PVD:4,BALANS:�������,SPIDVIS04:ͳ,SPIDVIS10:ͳ,OSVITL:���,INTERNET:6 � �����,RADIO:ͳ,PROKLAD:��������,PRIMITKA:
46,5579018.2112,3359554.9181,162.3913,SPZH,HSIG:0.037,VSIG:0.062,STATUS:����.,SATS:7,AGE:2.0,PDOP:6.486,HDOP:3.214,VDOP:5.633,TDOP:7.596,GDOP:9.988,NSIG:0.026,ESIG:0.027,ADRES:UKNOU,PROVOD:Ѳ�-2�16,KILKIST_PVD:2,PROKLAD:��������,NAPRYAMOK:������,DLINA:9,BALANS:�������,PRIMITKA:
47,5579032.9916,3359559.1858,162.2977,OPR_POVITRYA,HSIG:0.019,VSIG:0.039,STATUS:����.,SATS:10,AGE:3.0,PDOP:2.489,HDOP:1.254,VDOP:2.150,TDOP:2.637,GDOP:3.626,NSIG:0.014,ESIG:0.013,NOMER:26,OPORA_ZAD:25,TYPE_OPORY:ʳ�����,TYPE_STIYKI:��95-5,MATERIAL:������������ ���������,TYPE_IZOLYATOR:��-16,KILKIST_IZL:0,TYPE_TRAVERZ:��-9,KILKIST_TRVZ:3,PROVOD:Ѳ�-4�16,KILKIST_PVD:4,BALANS:�������,SPIDVIS04:ͳ,SPIDVIS10:ͳ,OSVITL:ͳ,INTERNET:1,RADIO:ͳ,PROKLAD:��������,PRIMITKA:
48,5579032.9916,3359559.1858,162.2977,SPZH,HSIG:0.019,VSIG:0.039,STATUS:����.,SATS:10,AGE:3.0,PDOP:2.489,HDOP:1.254,VDOP:2.150,TDOP:2.637,GDOP:3.626,NSIG:0.014,ESIG:0.013,ADRES:UKNOU,PROVOD:Ѳ�-4�16,KILKIST_PVD:4,PROKLAD:��������,NAPRYAMOK:˳���,DLINA:9,BALANS:�������,PRIMITKA:
49,5579028.9517,3359589.0578,161.8404,OPR_POVITRYA,HSIG:0.021,VSIG:0.045,STATUS:����.,SATS:10,AGE:2.0,PDOP:3.814,HDOP:1.400,VDOP:3.548,TDOP:4.343,GDOP:5.780,NSIG:0.015,ESIG:0.014,NOMER:27,OPORA_ZAD:25,TYPE_OPORY:�������,TYPE_STIYKI:��95-5,MATERIAL:������������ ���������,TYPE_IZOLYATOR:��-16,KILKIST_IZL:4,TYPE_TRAVERZ:��-2,KILKIST_TRVZ:2,PROVOD:A-25,KILKIST_PVD:4,BALANS:�������,SPIDVIS04:ͳ,SPIDVIS10:ͳ,OSVITL:���,INTERNET:6 � �����,RADIO:ͳ,PROKLAD:��������,PRIMITKA:
50,5579046.8855,3359620.2188,161.7903,OPR_POVITRYA,HSIG:0.022,VSIG:0.044,STATUS:����.,SATS:9,AGE:2.0,PDOP:4.172,HDOP:1.555,VDOP:3.872,TDOP:4.797,GDOP:6.357,NSIG:0.016,ESIG:0.015,NOMER:28,OPORA_ZAD:27,TYPE_OPORY:�������,TYPE_STIYKI:��95-5,MATERIAL:������������ ���������,TYPE_IZOLYATOR:��-16,KILKIST_IZL:4,TYPE_TRAVERZ:��-2,KILKIST_TRVZ:2,PROVOD:A-25,KILKIST_PVD:4,BALANS:�������,SPIDVIS04:ͳ,SPIDVIS10:ͳ,OSVITL:���,INTERNET:6 � �����,RADIO:ͳ,PROKLAD:��������,PRIMITKA:
51,5579046.8855,3359620.2188,161.7903,SPZH,HSIG:0.022,VSIG:0.044,STATUS:����.,SATS:9,AGE:2.0,PDOP:4.172,HDOP:1.555,VDOP:3.872,TDOP:4.797,GDOP:6.357,NSIG:0.016,ESIG:0.015,ADRES:UKNOU,PROVOD:Ѳ�-4�16,KILKIST_PVD:4,PROKLAD:��������,NAPRYAMOK:˳���,DLINA:9,BALANS:�������,PRIMITKA:
52,5579046.8855,3359620.2188,161.7903,SPZH,HSIG:0.022,VSIG:0.044,STATUS:����.,SATS:9,AGE:2.0,PDOP:4.172,HDOP:1.555,VDOP:3.872,TDOP:4.797,GDOP:6.357,NSIG:0.016,ESIG:0.015,ADRES:UKNOU,PROVOD:���. ���� 3�,KILKIST_PVD:4,PROKLAD:�������,NAPRYAMOK:˳���,DLINA:9,BALANS:�������,PRIMITKA:
